Artist,Page URL
100 Elements w/ YL,https://www.nts.live/shows/100-elements
150 Session,https://www.nts.live/shows/150session
239EF,https://www.nts.live/shows/239ef
404 w/ Ifeoluwa,https://www.nts.live/shows/404
80s Rampwalk,https://www.nts.live/shows/80srampwalk
Aaron Angell,https://www.nts.live/shows/aaron-angell
Absolute Fiction,https://www.nts.live/shows/absolute-fiction
Access Denied,https://www.nts.live/shows/access-denied
Acid Memories w/ Astral Vibes,https://www.nts.live/shows/acid-memories
Acrylic On Air w/ Amy Becker,https://www.nts.live/shows/amy-becker
AD 93 w/ Tasker,https://www.nts.live/shows/whities-w-tasker
ADAB,https://www.nts.live/shows/adab
Adam Oko,https://www.nts.live/shows/adam-oko
Adrian Sherwood,https://www.nts.live/shows/adriansherwood
Advice from Paradise w/ Nedelle Torrisi,https://www.nts.live/shows/advice-from-paradise
A Fist in the Face of God presents: Midnite Madness,https://www.nts.live/shows/midnite-madness
After Dark w/ HELM,https://www.nts.live/shows/helm
Afterworld w/ Spacebrat,https://www.nts.live/shows/afterworld
Ahadadream,https://www.nts.live/shows/ahadadream
Aisha Devi,https://www.nts.live/shows/aisha-devi
A Kiss In Your Ear w/ Victor Kiswell,https://www.nts.live/shows/victor-kiswell
Akito,https://www.nts.live/shows/akito
Alamo Records,https://www.nts.live/shows/alamo-records
ALBA Radio,https://www.nts.live/shows/alba
Aldous RH,https://www.nts.live/shows/aldous-rh
Alessandro Cortini,https://www.nts.live/shows/alessandro-cortini
Alexander Nut,https://www.nts.live/shows/alexander-nut
Alex Bradley presents The Utopia Project,https://www.nts.live/shows/utopian-project
Alien Jams w/ Chloe Frieda,https://www.nts.live/shows/alien-jams
All About Our Love w/ Harriet Brown,https://www.nts.live/shows/harriet-brown
All Fruits Ripe w/ Jack Sapsed,https://www.nts.live/shows/all-fruits-ripe
All Night Flight,https://www.nts.live/shows/all-night-flight
All Styles All Smiles,https://www.nts.live/shows/all-styles-all-smiles
All Trades w/ Chuggy,https://www.nts.live/shows/emotional
Aloha Got Soul Presents: Home Grown,https://www.nts.live/shows/aloha-got-soul
Altered Soul Experiment w/ Amila,https://www.nts.live/shows/amila
AMCO presents: It's Up,https://www.nts.live/shows/an-atlanta-company-presents-it-s-up
An1ma w/ Molinaro,https://www.nts.live/shows/molinaro
Ancestral Voices,https://www.nts.live/shows/ancestral-voices
Andras - Old Gold,https://www.nts.live/shows/andras
Andrew Weatherall Presents: Music's Not For Everyone,https://www.nts.live/shows/andrewweatherall
Andy Butler / Hercules & Love Affair,https://www.nts.live/shows/andy-butler
Andy Votel's Randomonium,https://www.nts.live/shows/andy-votel
Angel Bat Dawid,https://www.nts.live/shows/angel-bat-dawid
Angel Food,https://www.nts.live/shows/angel-food
Annabel Fraser,https://www.nts.live/shows/annabel-fraser
Anthony Chalmers,https://www.nts.live/shows/anthonychalmers
Anu,https://www.nts.live/shows/anu
Anz,https://www.nts.live/shows/anz
Aqwea,https://www.nts.live/shows/aqwea
Architects w/ Alex Kelman,https://www.nts.live/shows/architects
Are You Before,https://www.nts.live/shows/are-you-before
Arp,https://www.nts.live/shows/arp
ARRHYTHMIA,https://www.nts.live/shows/ARRHYTHMIA
Art Assembly,https://www.nts.live/shows/artassembly
art is our medicine w/ Lisa Kainde,https://www.nts.live/shows/art-is-our-medicine
Asher G's Caribbean Memories,https://www.nts.live/shows/asher-g
Ashley Mi Ki Mak,https://www.nts.live/shows/mi-ki-mak
As I Was Moving Ahead,https://www.nts.live/shows/tania-feghali
Assorted Sounds w/ Zac Jackson,https://www.nts.live/shows/assorted-sounds
Astral Garden w/ Nailah Hunter,https://www.nts.live/shows/nailah-hunter
A Strange Attractor w/ Fortuna Records,https://www.nts.live/shows/fortuna-records
Athenian Marketplace,https://www.nts.live/shows/yayayi
Athens of the North,https://www.nts.live/shows/athens-of-the-north
Autotune the World w/ Christopher Kirkley,https://www.nts.live/shows/christopher-kirkley
Awe w/ Laurel Halo,https://www.nts.live/shows/laurel-halo
Awful records,https://www.nts.live/shows/awful-records
Awkward Movements,https://www.nts.live/shows/awkward-movements
Axcess Amnesia w/ Jenny Sayaka Nono,https://www.nts.live/shows/axcess-amnesia
AYA,https://www.nts.live/shows/loft
Baba Stiltz,https://www.nts.live/shows/babastiltz
Back on Road,https://www.nts.live/shows/back-on-road
Bad Vibes w/ Eyedress,https://www.nts.live/shows/eyedress
Bahamian Moor,https://www.nts.live/shows/bahamian-moor
Bala Club w/ Kamixlo & Katie Vick,https://www.nts.live/shows/bala-club
Barb Wire Halo w/ H0TF1RE,https://www.nts.live/shows/hotfire
Beatrice Dillon,https://www.nts.live/shows/beatricedillon
Beats In Space w/ Tim Sweeney,https://www.nts.live/shows/beatsinspace
Beauty Blender w/ A.G & Manara,https://www.nts.live/shows/beauty-blender
Beirut Daze w/ Ernesto chahoud,https://www.nts.live/shows/ernesto-chahoud
Belec,https://www.nts.live/shows/belec
Benedek,https://www.nts.live/shows/benedek
Ben Sims Presents: Run It Red,https://www.nts.live/shows/ben-sims
Bergsonist,https://www.nts.live/shows/bergsonist
Be With Records,https://www.nts.live/shows/be-with-records
Beyond Say Radio,https://www.nts.live/shows/beyond-say-radio
Beyond The Clouds w/ Masha Mar,https://www.nts.live/shows/masha
BFDM,https://www.nts.live/shows/BFDM
Black Classical,https://www.nts.live/shows/black-classical-history-of-spiritual-jazz
Blackest Ever Black,https://www.nts.live/shows/blackest-ever-black
Black Forest w/ Afrodeutsche,https://www.nts.live/shows/afrodeutsche
Black Impulse,https://www.nts.live/shows/black-impulse
Black Noi$e,https://www.nts.live/shows/black-noise
Black Opera,https://www.nts.live/shows/black-opera
Blazer Sound System,https://www.nts.live/shows/blazer-sound-system
Bleep,https://www.nts.live/shows/bleep
Blood & Fire,https://www.nts.live/shows/blood-and-fire
Blues 2000 w/ J Whitemare,https://www.nts.live/shows/j-whitemare
Body Motion,https://www.nts.live/shows/body-motion
Bodywork w/ Kaili,https://www.nts.live/shows/kaili
Bohemian Grove,https://www.nts.live/shows/bohemian-grove
Bokeh Versions,https://www.nts.live/shows/bokeh-versions
Bonaventure,https://www.nts.live/shows/bonaventure
BONE SODA ノノ,https://www.nts.live/shows/bone-soda
Bo Ningen,https://www.nts.live/shows/bo-ningen
Bonobo,https://www.nts.live/shows/bonobo
Boom Bip,https://www.nts.live/shows/boom-bip
Boomkat,https://www.nts.live/shows/boomkat
Boris,https://www.nts.live/shows/boris
BORN N BREAD,https://www.nts.live/shows/bornnbread
Bossy LDN,https://www.nts.live/shows/bossy-ldn
Braden Wells,https://www.nts.live/shows/braden-wells
Bradley Zero Presents: Rhythm Section,https://www.nts.live/shows/rhythmsection
Brain Dead Radio,https://www.nts.live/shows/braindead
Brainfeeder Residency,https://www.nts.live/shows/brainfeeder-residency
BrakFM,https://www.nts.live/shows/pk-brako
Brav,https://www.nts.live/shows/brav
brbko,https://www.nts.live/shows/brbko
Breakwave,https://www.nts.live/shows/breakwave
Brown Up Your Feed Radio Hour w/ Mandy Harris Williams,https://www.nts.live/shows/brown-up-your-feed
BRWN w/ Ahwlee & Pink Siifu,https://www.nts.live/shows/brwn
Bubble Gum Violence,https://www.nts.live/shows/bubble-gum-violence
BUBBLES,https://www.nts.live/shows/bubbles
Budgie,https://www.nts.live/shows/budgie
Bullion,https://www.nts.live/shows/bullion
Bump City w/ Billy Goods,https://www.nts.live/shows/billy-goods
Bumpin' On Sunset,https://www.nts.live/shows/bumpin-on-sunset
Bunny Hoova,https://www.nts.live/shows/bunny-hoova
Buried Light w/ Ashtrejinkins,https://www.nts.live/shows/ashtrejinkins
Cabin Pressure w/ Khruangbin,https://www.nts.live/shows/khruangbin
Cali Thornhill-Dewitt,https://www.nts.live/shows/cali-thornhill-dewitt
Calm Roots w/ Alex Rita,https://www.nts.live/shows/calm-roots
CAM GIRL and TEO NIO,https://www.nts.live/shows/cam-girl
Carla Dal Forno,https://www.nts.live/shows/carla-dal-forno
Carlos René,https://www.nts.live/shows/carlos-rene
Carolina Soul,https://www.nts.live/shows/carolinasoul
Casting Shadows (On Warm Sundays) w/ Rikki Humphrey,https://www.nts.live/shows/rikki-humphrey
Castles In The Sky w/ Hesska,https://www.nts.live/shows/castles-in-the-sky
Casual Play w/ SpiÑorita,https://www.nts.live/shows/casual-play
CCarTalkLA w/ Martine Syms,https://www.nts.live/shows/martine-syms
CCC & Shells,https://www.nts.live/shows/ccc---shells
CDMX Tapes,https://www.nts.live/shows/naafi
CDR Audio Show,https://www.nts.live/shows/cdr
Changsie,https://www.nts.live/shows/changsie
Channel 39 w/ Deb Demure,https://www.nts.live/shows/drab-majesty
Channeling w/ Ivan Smagghe & Nathan Gregory Wilkins,https://www.nts.live/shows/channeling
Cherrystones,https://www.nts.live/shows/cherrystones
Children of Zeus,https://www.nts.live/shows/children-of-zeus
China Social Club,https://www.nts.live/shows/china-social-club
Chino Amobi,https://www.nts.live/shows/chino-amobi
Chow Down,https://www.nts.live/shows/chow-down
Chris P Cuts,https://www.nts.live/shows/chrispcuts
Cinnamon Sounds w/ Chloëdees,https://www.nts.live/shows/chloedees
Circadian Rhythms,https://www.nts.live/shows/circadian-rhythms
Circle Packing w/ Occo,https://www.nts.live/shows/occo
Circuits w/ Olly Chubb,https://www.nts.live/shows/circuits
Clairo,https://www.nts.live/shows/clairo
Clara La San,https://www.nts.live/shows/clara-la-san
Climbing Ombú w/ Arnaldo,https://www.nts.live/shows/arnaldo
Club Aerobics w/ Bianca Oblivion,https://www.nts.live/shows/club-aerobics
Club Chai,https://www.nts.live/shows/club-chai
Club Chronicles w/ UNIIQU3,https://www.nts.live/shows/uniiqu3
Club Romantico FM,https://www.nts.live/shows/club-romantico-fm
Coby Sey,https://www.nts.live/shows/coby-sey
Coil Radio,https://www.nts.live/shows/coil-radio
Cola Boyy,https://www.nts.live/shows/cola-boyy
Cold Pizza w/ Stud1nt,https://www.nts.live/shows/cold-pizza
Colm K,https://www.nts.live/shows/colm-k
Colours w/ Kamelion Crying Hands,https://www.nts.live/shows/colours
Come Thru,https://www.nts.live/shows/come-thru
Como La Flor w/ Jazmin,https://www.nts.live/shows/jazmin-garcia
Confusing Mix w/ Josh Da Costa,https://www.nts.live/shows/confusing-mix
Cong Burn,https://www.nts.live/shows/perfume-advert
Conor Thomas,https://www.nts.live/shows/conor-thomas
Contours & Hidden Spheres,https://www.nts.live/shows/contours-hidden-spheres
Cooking with Palms Trax,https://www.nts.live/shows/palms-trax
Cool World West w/ Coolwater,https://www.nts.live/shows/coolwater
Corin,https://www.nts.live/shows/corin
Cosmic Dreamer Radio,https://www.nts.live/shows/cosmic-dreamer
Cosmin TRG,https://www.nts.live/shows/cosmin-trg
Coucou Chloe,https://www.nts.live/shows/coucou-chlo%C3%A9
Country Hayride,https://www.nts.live/shows/country-hayride
Covco,https://www.nts.live/shows/covco
Creep Zone w/ James Pants & Marc Schaller,https://www.nts.live/shows/creepzone
Crossed Wires w/ Amanda Siegel,https://www.nts.live/shows/amanda-siegel
Cry Later w/ Tropic of Cancer,https://www.nts.live/shows/tropic-of-cancer
Crypt of the Wizard,https://www.nts.live/shows/crypt-of-the-wizard
Crystallmess: Unleashed,https://www.nts.live/shows/crystallmess
Dactylian & Palo Santo Discos,https://www.nts.live/shows/dactylian-and-palo-santo
Daisy Holiday w/ Haruomi Hosono,https://www.nts.live/shows/haruomi-hosono
Damon Eliza Palermo Presents: Inner Realm,https://www.nts.live/shows/touchedbymagic
Dance Music Show w/ Bell Towers,https://www.nts.live/shows/bell-towers
Dancing_,https://www.nts.live/shows/dancing
Daniel Avery,https://www.nts.live/shows/daniel-avery
Danielle,https://www.nts.live/shows/danielle
Dark Sky,https://www.nts.live/shows/darksky
Daughter of a Rasta w/ Freeky Reeky,https://www.nts.live/shows/freeky-reeky
Deadboy,https://www.nts.live/shows/deadboy
Death Is Not The End,https://www.nts.live/shows/death-is-not-the-end
DEBONAIR,https://www.nts.live/shows/debonair
Deep Sea Frequency w/ Or:la & Breakwave,https://www.nts.live/shows/deep-sea-frequency
Delight Is Right w/ Richard Dawson,https://www.nts.live/shows/richard-dawson
Delivery Presents: Haan,https://www.nts.live/shows/delivery
"Demon Poetry w/ DJ Persuasion, Dev/Null and Anina",https://www.nts.live/shows/dj-persuasion
Derrick Gee,https://www.nts.live/shows/finetooth
Desire Paths w/ Laura Groves,https://www.nts.live/shows/desire-paths
Devotion w/ Lafawndah,https://www.nts.live/shows/lafawndah
DEXTER DUKARUS,https://www.nts.live/shows/dexter-dukarus
Diddy Wah,https://www.nts.live/shows/diddywah
Diet Clinic,https://www.nts.live/shows/dietclinic
Dimension Door,https://www.nts.live/shows/dimension-door
DIRECTIONS w/ 8ULENTINA & Lara Sarkissian,https://www.nts.live/shows/directions
Dischord Records,https://www.nts.live/shows/dischord-records
Discostan,https://www.nts.live/shows/discostan
DISE Records w/ NA DJ,https://www.nts.live/shows/na
Disjecta,https://www.nts.live/shows/disjecta
DIY Space For London,https://www.nts.live/shows/diy-space-for-london
DJ Fitz,https://www.nts.live/shows/fitz
DJ Harrison,https://www.nts.live/shows/dj-harrison
DJ Hoodrich J,https://www.nts.live/shows/dj-hoodrich-j
DJ Nobu,https://www.nts.live/shows/dj-nobu
DJ QU Presents: The Strength Music Hour,https://www.nts.live/shows/dj-qu
DJ Spanish Fly,https://www.nts.live/shows/dj-spanish-fly
DJ Taye,https://www.nts.live/shows/dj-taye
DNA w/ Sahar,https://www.nts.live/shows/dna-w-sahar
Doing Time,https://www.nts.live/shows/doing-time
Donna Leake,https://www.nts.live/shows/donna-leake
Don Sinini,https://www.nts.live/shows/don-sinini
Don't Trip w/ Margarita,https://www.nts.live/shows/dont-trip
doom is no excuse,https://www.nts.live/shows/scraaatch
Double Penetration,https://www.nts.live/shows/double-penetration
Drae da Skimask,https://www.nts.live/shows/drae-da-skimask
dreamcastmoe,https://www.nts.live/shows/dreamcast
DR MYSTERY,https://www.nts.live/shows/dr-mystery
dropbydrop,https://www.nts.live/shows/dropbydrop
Dubuntu,https://www.nts.live/shows/dubuntu
D∆WN Presents: Jonlee Drive,https://www.nts.live/shows/dawn
Eastern Margins,https://www.nts.live/shows/eastern-margins
Eclair Fifi,https://www.nts.live/shows/eclair-fifi
Eclectic Orbit w/ Seth Troxler,https://www.nts.live/shows/eclectic-orbit
Ectotherm,https://www.nts.live/shows/ectotherm
Ed Banger,https://www.nts.live/shows/ed-banger
Edge Of The Forest,https://www.nts.live/shows/edge-of-a-forest
EDITS w/ Kelman Duran,https://www.nts.live/shows/kelman-duran
Efficient Space,https://www.nts.live/shows/efficient-space
EGON,https://www.nts.live/shows/egon
Egyptian Females Experimental Music Session,https://www.nts.live/shows/egyptian-females-experimental-music-session
Electric Warriors w/ J Bennett,https://www.nts.live/shows/electric-warriors
Elena Colombi,https://www.nts.live/shows/elena-colombi
El Humo Mundial con Sonido Martines,https://www.nts.live/shows/sonido-martines
Elon Katz,https://www.nts.live/shows/elon-katz
Emotional Landscapes,https://www.nts.live/shows/emotional-landscape
E. Myers,https://www.nts.live/shows/e-myers
Enchufada Na Zona,https://www.nts.live/shows/branko
Endless,https://www.nts.live/shows/endless
Endy,https://www.nts.live/shows/endy
Equiknoxx,https://www.nts.live/shows/equiknoxx
Erased Tapes,https://www.nts.live/shows/erased-tapes
Erol Alkan,https://www.nts.live/shows/erol-alkan
Estelle Birch,https://www.nts.live/shows/estelle-birch
Everything But Ecstasy w/ Tahl K,https://www.nts.live/shows/everything-but-ecstasy
Expansions w/ Contours & Yadava,https://www.nts.live/shows/expansions-w-contours
Extra Extra,https://www.nts.live/shows/extra-extra
Farhad Hakim,https://www.nts.live/shows/farhad-hakim
FATIMA'S MAPLE SYRUP WAFFLE SHOW,https://www.nts.live/shows/fatima
Fat Out,https://www.nts.live/shows/fat-out
Fat Possum Records,https://www.nts.live/shows/fat-possum
Fauzia,https://www.nts.live/shows/fauzia
Favela Worldwide,https://www.nts.live/shows/favela-worldwide
F E E L I N G S,https://www.nts.live/shows/feelings
Felix Hall,https://www.nts.live/shows/felix-hall
Fergus Clark,https://www.nts.live/shows/fergus-clark
Fernando Rey,https://www.nts.live/shows/fernando-rey
Fervent Moon,https://www.nts.live/shows/fervent-moon
FF w/ Toxe,https://www.nts.live/shows/toxe
Field Work,https://www.nts.live/shows/fieldwork
Fifth World w/ Ian Kim Judd,https://www.nts.live/shows/fifth-world
Finesse The Plug Radio,https://www.nts.live/shows/finesse-the-plug
Finn,https://www.nts.live/shows/finn
Fire Shuffle w/ Steve Davis & Kavus Torabi,https://www.nts.live/shows/fire-shuffle-with-steve-davis-kavus-torabi
Flaneur Radio w/ Harley Wertheimer,https://www.nts.live/shows/flaneur-radio
Floating Points,https://www.nts.live/shows/floating-points
Floating Roofs,https://www.nts.live/shows/floating-roofs
Florentino,https://www.nts.live/shows/high-bank
FOLD,https://www.nts.live/shows/fold
Foodman,https://www.nts.live/shows/foodman
Foreign Hour,https://www.nts.live/shows/foreign-hour
Forest Swords Dense Truth Residency,https://www.nts.live/shows/forest-swords
Forever to Whatever,https://www.nts.live/shows/forever-to-whatever
Foundation,https://www.nts.live/shows/foundation
Four Tet,https://www.nts.live/shows/four-tet
Fractal Meat On A Spongy Bone,https://www.nts.live/shows/fractalmeat
Fragrant Sacrifice w/ Naima Karlsson,https://www.nts.live/shows/naima
Franchise Radio,https://www.nts.live/shows/franchise-radio
Francis Redman,https://www.nts.live/shows/francis-redman
Freedom To Spend,https://www.nts.live/shows/freedom-to-spend
From Sun City,https://www.nts.live/shows/from-sun-city
From The Depths w/ Drakeford,https://www.nts.live/shows/from-the-depths
Fruit Merchant w/ Hidden Spheres,https://www.nts.live/shows/hidden-spheres
Full Beam! FM,https://www.nts.live/shows/full-beams
Full House,https://www.nts.live/shows/fullhouse
Funk Freaks Radio,https://www.nts.live/shows/funk-freaks
F U Pay Us Radio,https://www.nts.live/shows/fupu
Fusion Batches w/ DJ Morse Code,https://www.nts.live/shows/fusion-batches
Future Times,https://www.nts.live/shows/future-times
Gabi,https://www.nts.live/shows/gabi
Gage,https://www.nts.live/shows/gage
Ganga Blues w/ Symrin,https://www.nts.live/shows/ganga-blues
Garçon,https://www.nts.live/shows/pink-noise
Gassy,https://www.nts.live/shows/totem
Gelato w/ Stephane,https://www.nts.live/shows/gelato
Gene's Liquor,https://www.nts.live/shows/genes-liquor
Geologist Presents: The O'Brien System,https://www.nts.live/shows/geologist
GEORGIA,https://www.nts.live/shows/georgia
Get Grimy w/ Zernell,https://www.nts.live/shows/zernell
GETME! w/ Lixo,https://www.nts.live/shows/getme
Getting Lost in Foreign Places w/ Andre Power,https://www.nts.live/shows/andre-power
Getting Warmer w/ Jen Monroe,https://www.nts.live/shows/jen-monroe
Ghostemane // Blackmage Radio,https://www.nts.live/shows/ghostemane-blackmage-radio
Ghost Notes Worldwide,https://www.nts.live/shows/impey
Ghunghru,https://www.nts.live/shows/ghunghru
Gigi FM,https://www.nts.live/shows/gigi-fm
Gilded Sound Reflection,https://www.nts.live/shows/gsr
Giovanna,https://www.nts.live/shows/sisbis
Goblin Milk,https://www.nts.live/shows/goblin-milk
God's Waiting Room w/ David Holmes,https://www.nts.live/shows/david-holmes
Golden Ratio Frequencies,https://www.nts.live/shows/golden-ratio-frequencies
Gong Sounds w/ PRMTVO,https://www.nts.live/shows/prmtvo
Got Kinda Lost Records Presents Planet Fever,https://www.nts.live/shows/got-kinda-lost-records
Gqom Oh! w/ Citizen Boy,https://www.nts.live/shows/gqom-oh
Grandmixxer,https://www.nts.live/shows/grandmixxer
Great Southern Lands w/ James W,https://www.nts.live/shows/great-southern-lands
Groovy Doobie do♬ w/ Yuka Mizuhara,https://www.nts.live/shows/groove-in-the-heart-w-yuka-mizuhara
GRRL,https://www.nts.live/shows/grrl
Guests,https://www.nts.live/shows/guests
GXNZX,https://www.nts.live/shows/gxnzx
Halocline Trance w/ Egyptrixx,https://www.nts.live/shows/halocine-trance
Hangin' Out In Space,https://www.nts.live/shows/hangin-out-in-space
Happy Death w/ Ed Horrox,https://www.nts.live/shows/happy-death
Hassan Rahim,https://www.nts.live/shows/hassan-rahim
HD,https://www.nts.live/shows/hd
HE4RTBROKEN,https://www.nts.live/shows/hea4rtbroken
Heat-Wave,https://www.nts.live/shows/heat-wave
Heaven and Earth Magic w/ Jocelyn Romo,https://www.nts.live/shows/jocelyn-romo
Heavy Love Affair w/ Emel,https://www.nts.live/shows/emel
Henry Rollins,https://www.nts.live/shows/henryrollins
High Hopes w/ Judah,https://www.nts.live/shows/high-hopes-w-judah
HIGH JAZZ* w/ ill Dubio,https://www.nts.live/shows/high-jazz
Highlife & Sunshine Show w/ Tryb,https://www.nts.live/shows/highlife-sunshine
High Noon w/ Dina J,https://www.nts.live/shows/dina-j
Hipsters Don't Dance,https://www.nts.live/shows/hipsters-dont-dance
Hit A Lick Radio,https://www.nts.live/shows/hit-a-lick
$hit & $hine,https://www.nts.live/shows/shit-and-shine
HKE - Lucid Radio,https://www.nts.live/shows/dream-catalogue
Holliday Show w/ Skinny Girl Diet,https://www.nts.live/shows/skinny-girl-diet
Hollow Points Radio,https://www.nts.live/shows/hollow-points
Homeshake,https://www.nts.live/shows/homeshake
HOOKED w/ Hook,https://www.nts.live/shows/hooked
Hooversound w/ Sherelle & Naina,https://www.nts.live/shows/hooversound
Horse Meets Train,https://www.nts.live/shows/horse-meets-train
Hot Mess,https://www.nts.live/shows/hotmess
House Call,https://www.nts.live/shows/housecall
HTRK,https://www.nts.live/shows/htrk
Hunee,https://www.nts.live/shows/hunee
"Hung, Drawn & Quartered",https://www.nts.live/shows/hung-drawn-quartered
Hustlekat,https://www.nts.live/shows/hustlekat
Hwabian,https://www.nts.live/shows/hwabian
Iasmin Turbininha,https://www.nts.live/shows/iasmin-turbininha
Idle Hands w/ Zane Landreth,https://www.nts.live/shows/zane
If Music Presents You Need This W/ Jean-Claude,https://www.nts.live/shows/ifmusic
Iglew,https://www.nts.live/shows/iglew
I Know Nothing,https://www.nts.live/shows/iknownothing
Ikr. Imprint,https://www.nts.live/shows/ikura-imprint
Illum Sphere,https://www.nts.live/shows/illum-sphere
Image Search,https://www.nts.live/shows/image-search
Immediate Hits w/ Dan Russell,https://www.nts.live/shows/immediate-hits
Imogen,https://www.nts.live/shows/imogen
Imran,https://www.nts.live/shows/imran
India Rose,https://www.nts.live/shows/india-rose
In Flames,https://www.nts.live/shows/in-flames
In Good Company,https://www.nts.live/shows/in-good-company
Insert,https://www.nts.live/shows/insert
Insolar w/ Cami Layé Okún,https://www.nts.live/shows/cami-laye-okun
Intearnet Radio w/ Lyzza,https://www.nts.live/shows/lyzza
International Geographic,https://www.nts.live/shows/international-geographic
INTERZONE,https://www.nts.live/shows/interzone
INTL BLK,https://www.nts.live/shows/intl-blk
Into The Outer w/ House of Traps,https://www.nts.live/shows/lindsay-todd
Is This Thing On? w/ Hector Plimmer,https://www.nts.live/shows/is-this-thing-on
Italian Masters w/ Lele Sacchi,https://www.nts.live/shows/italian-masters
It's Nation Time,https://www.nts.live/shows/its-nation-time
Jake FM,https://www.nts.live/shows/jake-fm
James Holden,https://www.nts.live/shows/jamesholden
James Rene,https://www.nts.live/shows/james-rene
James Rene,https://www.nts.live/shows/handmade-rug-company
Jameszoo Fool Radio,https://www.nts.live/shows/jameszoo
Jamie Isaac,https://www.nts.live/shows/jamie-isaac
Jamie Tiller,https://www.nts.live/shows/jamie-tiller
Jamie xx,https://www.nts.live/shows/jamie-xx
Janie Jones,https://www.nts.live/shows/janie-jones
Janus,https://www.nts.live/shows/janus
Japan Blues,https://www.nts.live/shows/japanblues
Jaro Sounder,https://www.nts.live/shows/jaro-sounder
Jarreau Vandal,https://www.nts.live/shows/jarreau-vandal
Jason Kerley,https://www.nts.live/shows/joaneskyler
Jazzman,https://www.nts.live/shows/jazzman
Jenkem Magazine,https://www.nts.live/shows/jenkem-magazine
Jesse Hackett,https://www.nts.live/shows/jesse-hackett
Jim-E Stack,https://www.nts.live/shows/jim-e-stack
Jimmy's Punk Show,https://www.nts.live/shows/jimmys-punk-show
JMG Sessions w/ JAYDA G,https://www.nts.live/shows/jayda-g
John Doran,https://www.nts.live/shows/john-doran
John Giorno: Dial-A-Poem,https://www.nts.live/shows/dial-a-poem
Jonny Mons,https://www.nts.live/shows/jonny-mons
Jonny Trunk Plays God,https://www.nts.live/shows/jonny-trunk-plays-god
Joviale,https://www.nts.live/shows/joviale
Juxtaposition w/ Jessicunt,https://www.nts.live/shows/jessicunt
Kaitlyn Aurelia-Smith Presents: TouchThePlants,https://www.nts.live/shows/kaitlyn-aurelia-smith
Kaizen w/ Madam X,https://www.nts.live/shows/kaizen
Kampire,https://www.nts.live/shows/kampire
Kasra V,https://www.nts.live/shows/kasra-v
Kassem Mosse,https://www.nts.live/shows/kassemmosse
Katbrownsugar,https://www.nts.live/shows/katbrownsugar
Keel Her,https://www.nts.live/shows/keel-her
Kelvin Brown,https://www.nts.live/shows/kelvin-brown
KESTREL EXPLORATIONS,https://www.nts.live/shows/kestrel-explorations
Khartoum Arrivals w/ Basma,https://www.nts.live/shows/basma
Kickin Pigeon's Galactic Bounce,https://www.nts.live/shows/kickin-pigeon
Kiefer,https://www.nts.live/shows/kiefer
King Britt Presents: Transmissions,https://www.nts.live/shows/king-britt-presents-transmissions
Kiss Cafe w/ Piper Durabo,https://www.nts.live/shows/piper-durabo
Kisses in My Ears w/ Eliza,https://www.nts.live/shows/eliza
Kiss Me Again,https://www.nts.live/shows/kiss-me-again
Kit Grill,https://www.nts.live/shows/kit-grill
Kit Records,https://www.nts.live/shows/kitrecords
Kitty Cash,https://www.nts.live/shows/kitty-cash
Klein Blue w/ Lorenzo Daniels,https://www.nts.live/shows/klein-blue
Knee Deep,https://www.nts.live/shows/knee-deep
Kraeji w/ Yaeji,https://www.nts.live/shows/yaeji
Kranky,https://www.nts.live/shows/kranky
Kristina Records,https://www.nts.live/shows/kristina
Kristin Kontrol Presents: Out of Vogue,https://www.nts.live/shows/kristin-kontrol
[ k s r ] & Tarzsa,https://www.nts.live/shows/ksr-tarsza
Kutmah Presents: Sketchbook Radio,https://www.nts.live/shows/sketchbook
Kwes,https://www.nts.live/shows/kwes
Labour,https://www.nts.live/shows/labour
LA Club Resource,https://www.nts.live/shows/la-club-resource
La Cosecha Internacional w/ XOLO,https://www.nts.live/shows/la-cosecha-internacional
Lamin Fofana,https://www.nts.live/shows/lamin-fofana
Last Resort,https://www.nts.live/shows/last-resort
Latete Atoto,https://www.nts.live/shows/latete-atoto
Launette's Hour w/ Laura Coxeter,https://www.nts.live/shows/launette
Lavender Kite Audio Research Hour w/ Barnaby Bennett,https://www.nts.live/shows/lavender-kite-audio-research-hour
La Vida es un Mus,https://www.nts.live/shows/la-vida-es-un-mus
LDLDN,https://www.nts.live/shows/spacebass
Leaving Records,https://www.nts.live/shows/leaving-records
Lee Gamble,https://www.nts.live/shows/lee-gamble
Legowelt,https://www.nts.live/shows/legowelt
Leila Samir,https://www.nts.live/shows/leila-samir
Le Jardin w/ Sarah Davachi,https://www.nts.live/shows/sarah-davachi
Leon Vynehall,https://www.nts.live/shows/leon-vynehall
Let's Be Brief,https://www.nts.live/shows/lbb
Liberation Technologies,https://www.nts.live/shows/liberationtechnologies
LIES Records,https://www.nts.live/shows/ron-morelli
Life on Planet X,https://www.nts.live/shows/life-on-planet-x
Light in the Attic,https://www.nts.live/shows/light-in-the-attic
Lightning Conductor w/ Lena Willikens,https://www.nts.live/shows/lena-willikens
Lil Mofo,https://www.nts.live/shows/lil-mofo
Lily Mercer,https://www.nts.live/shows/lily-mercer
Limp Wrist,https://www.nts.live/shows/limp-wrist
Ling & Kepla,https://www.nts.live/shows/ling-kepla
Lipstick Studios,https://www.nts.live/shows/lipstick-studios
Liquid Mirror w/ Olive Kimoto,https://www.nts.live/shows/liquid-mirror
Literary Friction,https://www.nts.live/shows/literaryfriction
Little Ice Age,https://www.nts.live/shows/little-ice-age
LIVE AT THE CLINIC W/ PSYCHEDELIC ENSEMBLE,https://www.nts.live/shows/psychedelic-ensemble
Live From The 108 w/ Onra,https://www.nts.live/shows/live-from-the-108-w-onra
Livin' Proof,https://www.nts.live/shows/livinproof
Livity Sound,https://www.nts.live/shows/livity-sound
L'Odyssey In Dub w/ Jah Cousteau,https://www.nts.live/shows/lenard-smith
Lolina,https://www.nts.live/shows/lolina
London Contemporary Orchestra,https://www.nts.live/shows/lco
Loom,https://www.nts.live/shows/loom
Loose Bones,https://www.nts.live/shows/loose-bones
Loose Trax,https://www.nts.live/shows/loose-trax
Loraine James,https://www.nts.live/shows/loraine-james
Los Hitters,https://www.nts.live/shows/los-hitters
Lost Control,https://www.nts.live/shows/lost-control
Louise Chen,https://www.nts.live/shows/louise-chen
Low Company,https://www.nts.live/shows/low-company
Low Income $quad,https://www.nts.live/shows/low-income-squad
Lucifer Over LA,https://www.nts.live/shows/lucifer-over-london
Luke Mele,https://www.nts.live/shows/luke-mele
Lukid,https://www.nts.live/shows/lukid
Lung Dart,https://www.nts.live/shows/lung-dart
Lupini,https://www.nts.live/shows/lupini
Lux & Ivy's Favourites,https://www.nts.live/shows/lux-and-ivys-favourites
LZ,https://www.nts.live/shows/lz-k1
m00dtapes,https://www.nts.live/shows/m00dtapes
Ma3azef,https://www.nts.live/shows/ma3azef
Machines of Loving Grace w/ Midwife,https://www.nts.live/shows/midwife
Magicwire w/ Gabriola,https://www.nts.live/shows/lone
Making a Mixtape with Richard Russell,https://www.nts.live/shows/richard-russell
Mamiko Motto,https://www.nts.live/shows/mamiko-motto
Manchester Digital Music Archive w/ Abigail Ward,https://www.nts.live/shows/manchester-digitial-music-archive
Manfredas,https://www.nts.live/shows/manfredas
Manila Times w/ Vex Ruffin & Possiblemusic,https://www.nts.live/shows/vex-ruffin
Marco's Island,https://www.nts.live/shows/marcos-island
Maria Somerville,https://www.nts.live/shows/maria-somerville
Mark Leckey,https://www.nts.live/shows/mark-leckey
Martelo,https://www.nts.live/shows/martelo
Martha,https://www.nts.live/shows/martha
Martin Newell's Oddcaste,https://www.nts.live/shows/martin-newells-oddcaste
Martyn's Darkest Light,https://www.nts.live/shows/martyn
Max D,https://www.nts.live/shows/max-d
Max Tundra’s Rotogravure,https://www.nts.live/shows/max-tundra
Meandyou,https://www.nts.live/shows/meandyou
Me Gusta Collective,https://www.nts.live/shows/me-gusta-collective
Melodies International,https://www.nts.live/shows/melodies-international
Melon Magic w/ Powell,https://www.nts.live/shows/powell
Mended Dreams w/ Claire Rousay,https://www.nts.live/shows/claire-rousay
MERKHABIA w/ Keiyaa,https://www.nts.live/shows/keiyaa
Meuko! Meuko!,https://www.nts.live/shows/meuko-meuko
Micachu,https://www.nts.live/shows/micachu
Michelle's Club Hour,https://www.nts.live/shows/michelle
MIC Records w/ Cherrie Flava,https://www.nts.live/shows/mic-records
Microdosing,https://www.nts.live/shows/microdosing
Midland,https://www.nts.live/shows/midland
Midnight Marauders w/ Marshmello,https://www.nts.live/shows/midnight-marauders
Mija MGMT,https://www.nts.live/shows/mija-mgmt
Mikey Young,https://www.nts.live/shows/mikey-young
Mild Animals,https://www.nts.live/shows/mild-animals
Mina,https://www.nts.live/shows/mina
Minimal Effort,https://www.nts.live/shows/minimal-effort
Minimal Wave w/ Veronica Vasicka,https://www.nts.live/shows/veronica-vasicka
Mint Condition w/ Randy Ellis,https://www.nts.live/shows/mint-condition
Mishka,https://www.nts.live/shows/mishka
Miss Modular,https://www.nts.live/shows/miss-modular
Mister Saturday Night,https://www.nts.live/shows/mr-saturday-night
Mistress Rebecca's World,https://www.nts.live/shows/mistress-rebeccas-world
Mixed Fruit w/ Eddie Jr.,https://www.nts.live/shows/mixed-fruit
Mixpak,https://www.nts.live/shows/mixpak
Mobbs,https://www.nts.live/shows/mobbs
Modeselektor,https://www.nts.live/shows/modeselektor
Moesha 13,https://www.nts.live/shows/moesha13
Mogwai,https://www.nts.live/shows/mogwai
Moony Habits w/ Alex Ho,https://www.nts.live/shows/moony-habits
Moor Mother,https://www.nts.live/shows/moor-mother
Mo Probs,https://www.nts.live/shows/mo-probs
Mosca,https://www.nts.live/shows/mosca
Motel Lambo w/ Ben Lambo Lambert,https://www.nts.live/shows/lambo
Motive,https://www.nts.live/shows/motive
Mount Analog w/ Mahssa,https://www.nts.live/shows/mount-analog
Mount Kimbie,https://www.nts.live/shows/mount-kimbie
Moving places w/ Ellen Arkbro,https://www.nts.live/shows/ellen-arkbro
Moxie,https://www.nts.live/shows/moxie
Mr Beatnick,https://www.nts.live/shows/mrbeatnick
Mumdance,https://www.nts.live/shows/mumdance
Murlo,https://www.nts.live/shows/murlo
Music 4 Lovers w/ Jabu & Andy Payback,https://www.nts.live/shows/music-4-lovers
Music For Days Like These w/ John Talabot,https://www.nts.live/shows/john-talabot
Music To Ease Your Disease,https://www.nts.live/shows/musictoeaseyourdisease
Mustache,https://www.nts.live/shows/mustache
Mutualism,https://www.nts.live/shows/mutualism
My Ever Changing Moods w/ DJ Lance Rock,https://www.nts.live/shows/lance-rock
Nabihah Iqbal,https://www.nts.live/shows/nabihah-iqbal
Nala Sinephro,https://www.nts.live/shows/nala-sinephro
Naomi,https://www.nts.live/shows/naomi
Naomi Asa,https://www.nts.live/shows/naomi-asaturyan
NARX & Friends,https://www.nts.live/shows/narx-and-friends
Native Soundsystem w/ Sholzstilltippin & Addy Edgal,https://www.nts.live/shows/native-soundsystem
Natural Sciences,https://www.nts.live/shows/natural-sciences
NEOPERREO Radio,https://www.nts.live/shows/neoperreo-radio
Neptizzle,https://www.nts.live/shows/neptizzle
Neue Tanz w/ Jules,https://www.nts.live/shows/jules
New York Naomi,https://www.nts.live/shows/new-york-naomi
Nick Hakim,https://www.nts.live/shows/nick-hakim
Nick Höppner,https://www.nts.live/shows/nick-hoeppner
Night Shift w/ Diamondstein,https://www.nts.live/shows/diamondstein
Nite Jewel,https://www.nts.live/shows/nitejewel
Nitetrax,https://www.nts.live/shows/nitetrax
NKISI,https://www.nts.live/shows/nkisi
No Boring Intros w/ Jon Rust,https://www.nts.live/shows/noboringintros
NODE,https://www.nts.live/shows/node
Noise In My Head,https://www.nts.live/shows/noise-in-my-head
Nonsense,https://www.nts.live/shows/nonsense
NON STOP POP,https://www.nts.live/shows/jack
NON Worldwide,https://www.nts.live/shows/non-worldwide
No Parents No Rules w/ Michael Washington,https://www.nts.live/shows/michael-washington
Nosedrip,https://www.nts.live/shows/nosedrip
Not Waving,https://www.nts.live/shows/not-waving
No Weapon Is Absolute,https://www.nts.live/shows/no-weapon-is-absolute
No White Tees,https://www.nts.live/shows/no-white-tees
Nubya Garcia,https://www.nts.live/shows/nubya-garcia
Nyege Nyege: A New Hope,https://www.nts.live/shows/nyegenyege-a-new-hope
NYX Chariot,https://www.nts.live/shows/nyxchariot
Nzinga Soundz,https://www.nts.live/shows/nzinga-soundz
Obongjayar,https://www.nts.live/shows/obongjayar
Ohbliv,https://www.nts.live/shows/ohbliv
Oh Oh w KO_OL & Co,https://www.nts.live/shows/O___o
Oklou,https://www.nts.live/shows/oklou
Okonkole Y Trompa,https://www.nts.live/shows/okonkole-y-trompa
OK Williams,https://www.nts.live/shows/ok-williams
Oliver Coates,https://www.nts.live/shows/oliver-coates
Oli XL,https://www.nts.live/shows/oli-xl
Omelet,https://www.nts.live/shows/omelet
On Air with Natalie James,https://www.nts.live/shows/natalie-james
One Glove w/ Macca,https://www.nts.live/shows/macca
Oneman,https://www.nts.live/shows/oneman
OnoTesla,https://www.nts.live/shows/onotesla
ONY,https://www.nts.live/shows/ony
Onyx Collective,https://www.nts.live/shows/onyx-collective
Open Hand Real Flames,https://www.nts.live/shows/open-hand-real-flames
Optimo,https://www.nts.live/shows/optimo
Orders,https://www.nts.live/shows/orders
Organic Music Tokyo w/ Chee Shimizu,https://www.nts.live/shows/organic-music
Organ Tapes,https://www.nts.live/shows/organ-tapes
Origins Ov Underground w/ Adamgoesham,https://www.nts.live/shows/origins-ov-underground
Or:la,https://www.nts.live/shows/orla
Ostaku,https://www.nts.live/shows/ostaku
Otaku,https://www.nts.live/shows/otaku
Otologic,https://www.nts.live/shows/otologic
Out of Hours w/ Jak Ryan,https://www.nts.live/shows/jak-ryan
Outsider Oldies,https://www.nts.live/shows/outsider-oldies
Ozone Energy,https://www.nts.live/shows/ozone-energy
Pacing The Platform w/ upsammy,https://www.nts.live/shows/upsammy
Palestinian Sound Archive,https://www.nts.live/shows/palestinian-sound-archive
Palm Wine Club,https://www.nts.live/shows/palmwineclub
PAN,https://www.nts.live/shows/pan
Pandora's Jukebox,https://www.nts.live/shows/pandoras-jukebox
Panorama Heaven w/ Bianca Lexis,https://www.nts.live/shows/panorama-heaven
Panorama Yerevan,https://www.nts.live/shows/panorama-yerevan
Paradise Bangkok,https://www.nts.live/shows/paradise-bangkok
Paradise show w/ Kasra V,https://www.nts.live/shows/paradiseshow
Paris Aden,https://www.nts.live/shows/paris-aden
Party Socks w/ Minus Kendal,https://www.nts.live/shows/party-socks
Passport w/ Pickpocket & Zack Fox,https://www.nts.live/shows/passport
Patrick Forge,https://www.nts.live/shows/patrickforge
PAVEL MILYAKOV,https://www.nts.live/shows/buttechno
"PDA w/ Mischa Mafia, Ms. Carriestacks & Crackstevens",https://www.nts.live/shows/pda
Peach,https://www.nts.live/shows/peach
Peking Spring w/ Jon K,https://www.nts.live/shows/jon-k-presents-peking-spring
Pender Street Steppers,https://www.nts.live/shows/pender-street-steppers
Perc,https://www.nts.live/shows/perc
Perfect Sound Forever,https://www.nts.live/shows/perfect-sound-forever
Perm Politics w/ Chantal,https://www.nts.live/shows/chantal
Perpetual Sound w/ Fred P,https://www.nts.live/shows/fred-p
Pete Goes To Town w/ Pete Swanson,https://www.nts.live/shows/pete-swanson
Phambinho,https://www.nts.live/shows/phambinho
Phew,https://www.nts.live/shows/phew
Phil's Jazz Dis-Junction,https://www.nts.live/shows/phils-jazz-dis-junction
Pickles Radio w/ SOSUPERSAM,https://www.nts.live/shows/esp-w-sosupersam
Pipe Down!,https://www.nts.live/shows/pipe-down
Pirate Modernity,https://www.nts.live/shows/pirate-modernity
Places & Spaces,https://www.nts.live/shows/places-and-spaces
Play It As It Lathes w/ Zach Cowie,https://www.nts.live/shows/zach-cowie
Pleasure Principle,https://www.nts.live/shows/pleasure-principle
Plz Make It Ruins w/ Vegyn,https://www.nts.live/shows/plz-make-it-ruins-w-vegyn
Posh God,https://www.nts.live/shows/posh-god
Posh Isolation,https://www.nts.live/shows/posh-isolation
Post-Geography,https://www.nts.live/shows/post-geography
Post Hoc w/ Dane Mitchell,https://www.nts.live/shows/post-hoc
Power Lunches,https://www.nts.live/shows/powerlunches
PPU LUV U Radio,https://www.nts.live/shows/ppu-luv-radio
P-rallel,https://www.nts.live/shows/p-rallel
Precious Metals w/ EndgamE,https://www.nts.live/shows/preciousmetals
Pretty Sick Radio,https://www.nts.live/shows/pretty-sick
Private Selection Radio,https://www.nts.live/shows/dreams
Prizm FM w/ Linafornia,https://www.nts.live/shows/linafornia
Prosumer,https://www.nts.live/shows/prosumer
Pteropods w/ Kelsey Lu,https://www.nts.live/shows/kelsey-lu
Public Order w/ Jlte & Lawson Benn,https://www.nts.live/shows/lawsonbenn
Puffy w/ Bapari,https://www.nts.live/shows/puffy-w-bapari
Pum Pum Power Hour w/ Lil C,https://www.nts.live/shows/lil-c
Pure Soil,https://www.nts.live/shows/pure-soil
PU$$YRAP W/ JODY SIMMS,https://www.nts.live/shows/pussyrap
Qendresa,https://www.nts.live/shows/qendresa
Queen Kong,https://www.nts.live/shows/queen-kong
Questing w/ Zakia,https://www.nts.live/shows/questing-w-zakia
Quest No More w/ Elheist,https://www.nts.live/shows/quest-no-more
Quiet Storm,https://www.nts.live/shows/quiet-storm
Rachel Grace Almeida,https://www.nts.live/shows/rachel-grace-almeida
Radi Dadi,https://www.nts.live/shows/radi-dadi
Radio Fenriz,https://www.nts.live/shows/radio-fenriz
Radio Jiro,https://www.nts.live/shows/radio-jiro
RADIOOOOO.COM,https://www.nts.live/shows/radioooo
Raf & Ill Logic,https://www.nts.live/shows/raf-ill-logic-jungle-specials
Raga Vibrations,https://www.nts.live/shows/raga-vibrations
Rahill,https://www.nts.live/shows/rahill
Rainy Miller: The Progress Check,https://www.nts.live/shows/rainy-miller
Raji Rags,https://www.nts.live/shows/raji-rags
Rap Vacation,https://www.nts.live/shows/rap-vacation
Rare Species w/ John Tiangco,https://www.nts.live/shows/rare-species
Rasche Radio w/ Mad Bad Ting,https://www.nts.live/shows/mad-bad-ting
Rave Reparations Radio,https://www.nts.live/shows/rave-reparations
RealBitchRadio w/ Violet Waters,https://www.nts.live/shows/real-bitch-radio
Realistik Radio w/ Cindy Lee,https://www.nts.live/shows/cindy-lee
Recurring Dream,https://www.nts.live/shows/recurring-dream
Red Laser Records,https://www.nts.live/shows/red-laser-records
Reimagining Country w/ Jamal Khadar,https://www.nts.live/shows/reimagining-country
re:lax w/ re:ni & laksa,https://www.nts.live/shows/relax-w-reni
Return to Zero,https://www.nts.live/shows/return-to-zero
Reverie,https://www.nts.live/shows/reverie
Rhythm Connection,https://www.nts.live/shows/rhythmconnection
Rhythm Deep w/ Akashik Records,https://www.nts.live/shows/akashik
Rich & Johnny's Inzane Michigan,https://www.nts.live/shows/inzane-michigan
Rio Doce,https://www.nts.live/shows/rio-doce
Robbin' Lobsters From Mobsters w/ Tom Boogizm,https://www.nts.live/shows/tom-boogizm
Rockers Delight w/ Peaking Lights,https://www.nts.live/shows/peaking-lights
Rockers LDN w/ Bigs,https://www.nts.live/shows/rockers-international
Roll Through…,https://www.nts.live/shows/rollthrough
Ross Allen,https://www.nts.live/shows/ross-allen
Rough Version,https://www.nts.live/shows/rough-version
R&R,https://www.nts.live/shows/work-it
Ruf Dug,https://www.nts.live/shows/ruf-dug
Rum Punch w/ Danny Fitzgerald,https://www.nts.live/shows/rum-punch-w-danny-fitzgerald
RVNG Intl. Presents Friends & Fiends,https://www.nts.live/shows/rvngintl
"Sacred Pools w/ DJ OCTOBER, FASO + TOSHIKI OHTA",https://www.nts.live/shows/sacred-pools
Sacred Space w/ Radha,https://www.nts.live/shows/sacred-space
samb_rules,https://www.nts.live/shows/videogamemusic
Sameed,https://www.nts.live/shows/sameed
Samuel Kerridge,https://www.nts.live/shows/samuel-kerridge
Sanam,https://www.nts.live/shows/sanam
Sanpo Disco,https://www.nts.live/shows/sanpo-disco
Sassy J,https://www.nts.live/shows/sassy-j
Saying w/ Nadeem,https://www.nts.live/shows/nadeem
Scary Things w/ DJ Bempah & JK,https://www.nts.live/shows/scary-things
Screwboss Radio,https://www.nts.live/shows/screwboss-radio
Séance Centre,https://www.nts.live/shows/seance-centre
Secretsundaze,https://www.nts.live/shows/secret-sundaze
Sees to Exist Show,https://www.nts.live/shows/sees-to-exist
Sega Bodega's Soundtrack Series,https://www.nts.live/shows/segabodega
Selassie TBC,https://www.nts.live/shows/selassie-tbc
Selective Listening w/ Russell Haswell,https://www.nts.live/shows/selective-listening-w-russell-haswell
Self and Other,https://www.nts.live/shows/self-other
Sendspaace,https://www.nts.live/shows/sendspaace
Sevdaliza,https://www.nts.live/shows/sevdaliza
SFV Acid,https://www.nts.live/shows/sfv-acid
Shabbaaaaa Sound Radio,https://www.nts.live/shows/shabbaaaaa-sound-radio
Shamos,https://www.nts.live/shows/shamos
Shannen SP,https://www.nts.live/shows/idst
Shanti Celeste,https://www.nts.live/shows/shanticeleste
Shells Spent w/ Noble Drew Ali,https://www.nts.live/shows/nobledrewali
Shiva Feshareki Presents: New Forms,https://www.nts.live/shows/shiva-feshareki
Short Circuits w/ Cryborg,https://www.nts.live/shows/short-circuits
Show Me The Body presents: Corpus Public Radio,https://www.nts.live/shows/show-me-the-body-presents-corpus
SHY ONE,https://www.nts.live/shows/shy-one
SIC Records,https://www.nts.live/shows/sic-records
SIGNAL2NOISE w/ Gage,https://www.nts.live/shows/signal2noise-w-gage
Silent Servant Presents: Optimistic Decay,https://www.nts.live/shows/silent-servant
Silk Road Sounds,https://www.nts.live/shows/silk-road-sounds
Silvia Kastel,https://www.nts.live/shows/silvia-kastel
Simian Mobile Disco,https://www.nts.live/shows/simian-mobile-disco
Siobhan Bell,https://www.nts.live/shows/siobhan-bell
SIREN,https://www.nts.live/shows/siren
Skate Muzik,https://www.nts.live/shows/skate-muzik
SKYAPNEA,https://www.nts.live/shows/skyapnea
Slackk,https://www.nts.live/shows/slackk
Slauson Malone & ReallyNathan,https://www.nts.live/shows/slauson-malone
Slime w/ Belltowers & Little,https://www.nts.live/shows/slime
Slime w/ Little,https://www.nts.live/shows/slime-w-little
Slimzos Sessions w/ Slimzee,https://www.nts.live/shows/slimzee
Slow Hand Clutches,https://www.nts.live/shows/slow-hand-clutches
Smerz,https://www.nts.live/shows/smerz
Smithsonian Folkways,https://www.nts.live/shows/smithsonian-folkways
SNO,https://www.nts.live/shows/sno
SNZ,https://www.nts.live/shows/snz
Sofay & Ribeka,https://www.nts.live/shows/sofay-ribeka
Sofie Birch,https://www.nts.live/shows/sofie-birch
Sofie K,https://www.nts.live/shows/sofie-k
Solid State Survivor w/ Shags Chamberlain,https://www.nts.live/shows/solid-state-survivor
SON.,https://www.nts.live/shows/son
SONGS 4 GIRLS,https://www.nts.live/shows/72nations
Songs I Love w/ Sidibe,https://www.nts.live/shows/sidibe
Sonic Messengers w/ AceMo,https://www.nts.live/shows/sonic-messengers
Sonika,https://www.nts.live/shows/sonika
Sonny Abegaze,https://www.nts.live/shows/sonny-abegaze
SOS Radio w/ Sofie,https://www.nts.live/shows/sos-radio
SOULBEAUTIFUL w/ LoungeinParis,https://www.nts.live/shows/loungeinparis
Soul in Paradise w/ Jamma Dee,https://www.nts.live/shows/jamma-dee
Sounds Of The Dawn,https://www.nts.live/shows/soundsofthedawn
SPA,https://www.nts.live/shows/spa
Space Afrika,https://www.nts.live/shows/space-afrika
Spinee,https://www.nts.live/shows/spinee
Spirit People w/ Ana Roxanne,https://www.nts.live/shows/ana-roxanne
Squatch Radio w/ Like,https://www.nts.live/shows/call-me-like
Stellar,https://www.nts.live/shows/stellar
Stephen O'Malley: Metta Dôme,https://www.nts.live/shows/stephen-omalley
Steven Julien Presents: The Apron Show,https://www.nts.live/shows/funkineven
Still Life w/ Connah,https://www.nts.live/shows/connah
St. Johns,https://www.nts.live/shows/stjohns
Stop Making Sense,https://www.nts.live/shows/stop-making-sense
Straight Honey,https://www.nts.live/shows/straight-honey
Strategy Yeah,https://www.nts.live/shows/strategy-yeah
Subject To Change w/ Timmhotep,https://www.nts.live/shows/subject-to-change-w-timmhotep
Subterranean Odyssey,https://www.nts.live/shows/subterranean-odyssey
Subtle Hints w/ Nick Sinna,https://www.nts.live/shows/subtle-hints
SUE ZUKI,https://www.nts.live/shows/sue-zuki
Sui Zhen,https://www.nts.live/shows/sui-zhen
Suki Sou,https://www.nts.live/shows/suki-sou
Sunaoira,https://www.nts.live/shows/sunaoira
Suncut,https://www.nts.live/shows/sun-cut
Supergood Nights w/ Duckwrth,https://www.nts.live/shows/duckwrth
Sweyn J,https://www.nts.live/shows/sweyn-j
Swing Ting,https://www.nts.live/shows/swing-ting
System Olympia,https://www.nts.live/shows/system-olympia
Szare,https://www.nts.live/shows/szare
Tafelmusik w/ Francesco Fusaro,https://www.nts.live/shows/francesco-fusaro
Takashi Yama,https://www.nts.live/shows/super-fake-radio
Tapestry of Sound w/ Neneh Cherry,https://www.nts.live/shows/neneh-cherry
Tarzsa,https://www.nts.live/shows/tarzsa
TeamSESH,https://www.nts.live/shows/team-sesh
Ted Draws,https://www.nts.live/shows/TED-DRAWS
Terrence Dixon,https://www.nts.live/shows/terrence-dixon
Terrible Records,https://www.nts.live/shows/terrible-records
Test Pressing,https://www.nts.live/shows/test-pressing
THC Sounds w/ The Haxan Cloak,https://www.nts.live/shows/haxan-cloak
The Actual School,https://www.nts.live/shows/asystems
Thea HD,https://www.nts.live/shows/thea-hd
The Astral Plane,https://www.nts.live/shows/astral-plane
The Bennett Show,https://www.nts.live/shows/the-bennett-show
The Big Happy Show,https://www.nts.live/shows/the-big-happy-show
The Black Midi Variety Hour,https://www.nts.live/shows/black-midi
The Boxxx Report Show,https://www.nts.live/shows/theboxxxreportshow
The Cosmic Principle w/ Nick Mitchell,https://www.nts.live/shows/golden-lab
The Do!! You!!! Breakfast Show w/ Charlie Bones,https://www.nts.live/shows/the-do-you-breakfast-show
The Early Bird Show,https://www.nts.live/shows/early-bird
The Extended Play Sessions w/ Mr Pedro,https://www.nts.live/shows/the-extended-play-sessions
The Food & Liquor,https://www.nts.live/shows/food-liquor
The Gaza Strip,https://www.nts.live/shows/the-gaza-strip
The Great African Disco w/ Temi Kogbe,https://www.nts.live/shows/temi-kogbe
The Head Zone w/ Ripley Johnson,https://www.nts.live/shows/moon-duo
The Heatwave,https://www.nts.live/shows/the-heatwave
The Imaginary Music Radio Hour w/ Laura Steenberge,https://www.nts.live/shows/laura-steenberge
The Imposter,https://www.nts.live/shows/the-imposter
The Jacuzzi w/ Geneva Jacuzzi,https://www.nts.live/shows/geneva-jacuzzi
The Kim & Pia Show,https://www.nts.live/shows/the-kim-and-pia-show
The Large,https://www.nts.live/shows/the-large
The Last Playlist w/ Luis Felipe Farfán,https://www.nts.live/shows/the-last-playlist
The Low Bias Show,https://www.nts.live/shows/low-bias-show
The Lunacy of Flowers w/ Dave ID,https://www.nts.live/shows/daveid
The Meme Gold Show,https://www.nts.live/shows/meme-gold
The M'n'M Show w/ A.G,https://www.nts.live/shows/ag
The Monolith w/ PBDY,https://www.nts.live/shows/pbdy
The NCA Show w/ Brassfoot,https://www.nts.live/shows/brassfoot
The NTS Breakfast Show,https://www.nts.live/shows/breakfast
The Numero Group,https://www.nts.live/shows/radio-free-numero
The Opera Show,https://www.nts.live/shows/the-opera-show
The Outside Insight Hour,https://www.nts.live/shows/outside-insight
The Pentagon Faceslap,https://www.nts.live/shows/pentagon-faceslap
THE POÆTRY SHOW w/ James Massiah,https://www.nts.live/shows/the-new-funk-breakfast-show
The Real Jist,https://www.nts.live/shows/the-real-jist
The Reign Set,https://www.nts.live/shows/thereignset
The Sam Wilkes Radio Hour,https://www.nts.live/shows/the-sam-wilkes-radio-hour
The SLAP Pack w/ DJ Kita,https://www.nts.live/shows/slap-hour
The Slip,https://www.nts.live/shows/theslip
The Spaces In Between w/ John Gómez,https://www.nts.live/shows/john-gomez
The Spectacular Empire Show w/ Gaika & Mensa,https://www.nts.live/shows/gaika
The Tim & Barry Show,https://www.nts.live/shows/dont-watch-that
The Trilogy Tapes,https://www.nts.live/shows/the-trilogy-tapes
The Uline Catalog,https://www.nts.live/shows/uline-catalog
The Windmills of Your Mind w/ Taylor Rowley,https://www.nts.live/shows/the-windmills-of-your-mind
The Wire Magazine Present Rewired,https://www.nts.live/shows/rewired
The Witching Hour,https://www.nts.live/shows/the-witching-hour
Third Circle,https://www.nts.live/shows/third-circle
This is Belgium w/ Nicholas Lewis,https://www.nts.live/shows/this-is-belgium
Tia Cousins,https://www.nts.live/shows/tia-cousins
Tiffany Calver,https://www.nts.live/shows/tiffany-calver
Tilly,https://www.nts.live/shows/tilly
Time Is Away,https://www.nts.live/shows/timeisaway
Timetable,https://www.nts.live/shows/timetable
Tim Koh: Kokonut Trip,https://www.nts.live/shows/tim-koh
Tim Reaper,https://www.nts.live/shows/tim-reaper
Toast Collective,https://www.nts.live/shows/toast-collective
Tomasa Del Real,https://www.nts.live/shows/tomasa-del-real
Tom Furse,https://www.nts.live/shows/tom-furse
Tommasi,https://www.nts.live/shows/tommasi
Tommy Gold,https://www.nts.live/shows/tommy-gold
Top Nice,https://www.nts.live/shows/top-nice
Torn Hawk,https://www.nts.live/shows/torn-hawk
Total Stasis,https://www.nts.live/shows/total-stasis
Touch and Feel w/ Brian Vidal,https://www.nts.live/shows/touch-n-feel-w-brian-vidal
Touching Bass w/ Errol,https://www.nts.live/shows/touching-bass
Tough Matter,https://www.nts.live/shows/ashley-plenty-vibes
Trax Couture w/ Rushmore,https://www.nts.live/shows/house-of-trax
Trevor Jackson,https://www.nts.live/shows/trevorjackson
Trip Lick w/ James K,https://www.nts.live/shows/james-k
Tropical Waste,https://www.nts.live/shows/tropical-waste
Tropic of Love w/ Mafalda,https://www.nts.live/shows/mafalda
True As Few w/ Mark,https://www.nts.live/shows/true-as-few
TTB,https://www.nts.live/shows/ttb
TT w/ DJ Pitch,https://www.nts.live/shows/tt
TTY,https://www.nts.live/shows/tty
Tuesday Trips w/ Nahhg,https://www.nts.live/shows/tuesday-trips
"Tuff Shed w/ Phil, Russ & Dan",https://www.nts.live/shows/tuff-shed
Uncanny Valley w/ Peter J Doyle,https://www.nts.live/shows/peter-doyle
Undefeated Gym w/ The Witching Hour,https://www.nts.live/shows/undefeated
Underground & Black w/ Ash Lauryn,https://www.nts.live/shows/ash-lauryn
UNDERMX w/ Rosa Pistola,https://www.nts.live/shows/rosa-pistola
Under Sleepy Moon w/ Yawning Portal,https://www.nts.live/shows/under-sleepy-moon
Unfinished Biz,https://www.nts.live/shows/unfinished-biz
United Identities w/ Carista,https://www.nts.live/shows/carista
United In Flames w/ Malibu,https://www.nts.live/shows/malibu
Unknown To The Unknown,https://www.nts.live/shows/unknowntotheunknown
Unthinkable w/ J.G. Biberkopf,https://www.nts.live/shows/unthinkable
Valencia House w/ Yeek,https://www.nts.live/shows/yeek
VELVET SEASON & The HEARTS OF GOLD,https://www.nts.live/shows/velvet-season
"Verbal Volley w/ Riko Dan, DJ Karnage & The Grime Journalist",https://www.nts.live/shows/verbalvolley
Vic Crezée,https://www.nts.live/shows/vic-crezee
Virginia Wing,https://www.nts.live/shows/virginia-wing
Wah Wah Wino,https://www.nts.live/shows/wah-wah-wino
Way Back Here,https://www.nts.live/shows/way-back-here
We Are Not Alone,https://www.nts.live/shows/we-are-not-alone
We Are… w/ Paul Camo,https://www.nts.live/shows/we-are
WeDidIt Presents: R.I.P. FM,https://www.nts.live/shows/wedidit
Weekend Read w/ Jonah Rabb,https://www.nts.live/shows/jonah
Well Street Records,https://www.nts.live/shows/well-street-records
We R All Egyptians' w/ Jondo,https://www.nts.live/shows/phillip-jondo
What Means The World 2 U w/ Theo Bark,https://www.nts.live/shows/what-means-the-world-2-u
Where To Now Presents: Sapere Aude,https://www.nts.live/shows/Sapere-Aude
Whirldfuzzz,https://www.nts.live/shows/whirldfuzz
Whits & Giggles,https://www.nts.live/shows/whits-giggles
Whodis? w/ 56 DJs,https://www.nts.live/shows/56-djs
Who's That Girl? w/ Leyla Pillai,https://www.nts.live/shows/whos-that-girl
Wiggly World w/ Heaty,https://www.nts.live/shows/wiggly-world
Willow,https://www.nts.live/shows/willow
Will & Yousif,https://www.nts.live/shows/will-and-yousif
Wine Lips,https://www.nts.live/shows/winelips
Wolf Eyes Home Companion,https://www.nts.live/shows/wolf-eyes
W.O.M.,https://www.nts.live/shows/wom
Woodgrain w/ BAADNEWS,https://www.nts.live/shows/baadnews
Word of Command,https://www.nts.live/shows/word-of-command
World in Flo Motion,https://www.nts.live/shows/world-in-flo-motion
World Music,https://www.nts.live/shows/world-music
World Service w/ Mack,https://www.nts.live/shows/world-service
XTC w/ Fauzia & Sherelle,https://www.nts.live/shows/xtc-fauzia-sherelle
Yayo,https://www.nts.live/shows/yayo
Yem Gel,https://www.nts.live/shows/yem-gel
Yesterday's News,https://www.nts.live/shows/yesterdays-news
YGG,https://www.nts.live/shows/ygg
youarelistening.to,https://www.nts.live/shows/youarelisteningto
You'll Soon Know w/ Tim Parker,https://www.nts.live/shows/youll-soon-know
Young,https://www.nts.live/shows/young-turks
Yunomusique,https://www.nts.live/shows/yunomusique
Yu Su,https://www.nts.live/shows/yu-su
Zaltan,https://www.nts.live/shows/zaltan
Zel Zele w/ Debora Ipekel & Ece Duzgit,https://www.nts.live/shows/zel-zele
Zuli,https://www.nts.live/shows/ZULI
ГОСТ ЗВУК (GOST ZVUK),https://www.nts.live/shows/gost-zvuk
